IN_C,IN_H,IN_W,OUT_C,IN_C,KERNEL_H,KERNEL_N,STRIDE_H,STRIDE_W,PAD_H,PAD_W,ACT,NCHW->NCHW,NCHW->NHWC,NHWC->NCHW,NHWC->NHWC
3,224,224,64,3,11,11,4,4,2,2,relu,0.048537602648139,0.04853760153055191,0.04828160218894482,0.048554669320583346
64,28,28,192,64,5,5,1,1,2,2,relu,0.07033173367381096,0.06539946496486664,0.07210667133331299,0.071168003231287
192,14,14,384,192,3,3,1,1,0,0,relu,0.06997333243489265,0.07475200220942498,0.07207253649830818,0.0772778645157814
384,12,12,256,384,3,3,1,1,0,0,relu,0.08343893215060234,0.09118719920516014,0.11141119450330735,0.09183573499321937
256,10,10,256,256,3,3,1,1,0,0,relu,0.07343787103891372,0.07790933027863503,0.07552000284194946,0.08058879747986794
