IN_C,IN_H,IN_W,OUT_C,IN_C,KERNEL_H,KERNEL_N,STRIDE_H,STRIDE_W,PAD_H,PAD_W,ACT,NCHW->NCHW,NCHW->NHWC,NHWC->NCHW,NHWC->NHWC
3,224,224,64,3,3,3,1,1,1,1,relu,0.09337173700332642,0.19247786998748778,0.09342293292284012,0.19201707392930983
64,224,224,64,64,3,3,1,1,1,1,relu,0.1505621388554573,0.16503466814756393,0.15776427090168,0.14614186882972718
64,112,112,128,64,3,3,1,1,1,1,relu,0.09274026677012444,0.10175146460533142,0.09837226644158363,0.0893781341612339
128,112,112,128,128,3,3,1,1,1,1,relu,0.11410773396492005,0.11407359540462494,0.09927679747343063,0.1094997301697731
128,56,56,256,128,3,3,1,1,1,1,relu,0.08475306332111358,0.07896746546030045,0.08678400442004204,0.08089599758386612
256,56,56,256,256,3,3,1,1,1,1,relu,0.10569386184215546,0.10018132850527764,0.1078442633152008,0.10217813104391098
256,28,28,512,256,3,3,1,1,1,1,relu,0.08043519780039787,0.07567360550165177,0.08251733407378196,0.07780692875385284
512,28,28,512,512,3,3,1,1,1,1,relu,0.11066026836633683,0.10514773279428483,0.11187200397253036,0.10680319666862488
512,14,14,512,512,3,3,1,1,1,1,relu,0.09707520306110382,0.10195626616477967,0.09886719807982444,0.10328746736049652
