IN_C,IN_H,IN_W,OUT_C,IN_C,KERNEL_H,KERNEL_N,STRIDE_H,STRIDE_W,PAD_H,PAD_W,ACT,NCHW->NCHW,NCHW->NHWC,NHWC->NCHW,NHWC->NHWC
3,224,224,64,3,11,11,4,4,2,2,relu,0.05454506650567055,0.053418665379285815,0.05454506538808346,0.05374293215572834
64,28,28,192,64,5,5,1,1,2,2,relu,0.07195306941866875,0.07796053141355515,0.07487146630883217,0.07237973362207413
192,14,14,384,192,3,3,1,1,0,0,relu,0.07470079958438873,0.07934293001890183,0.07724373266100884,0.08197119534015655
384,12,12,256,384,3,3,1,1,0,0,relu,0.0796159990131855,0.08427519872784614,0.08197119683027268,0.08734720274806022
256,10,10,256,256,3,3,1,1,0,0,relu,0.07313067018985749,0.07794346287846565,0.07569067180156708,0.08098132908344269
