IN_C,IN_H,IN_W,OUT_C,IN_C,KERNEL_H,KERNEL_N,STRIDE_H,STRIDE_W,PAD_H,PAD_W,ACT,NCHW->NCHW,NCHW->NHWC,NHWC->NCHW,NHWC->NHWC
3,224,224,64,3,3,3,1,1,1,1,relu,0.042171730846166613,0.04188159853219986,0.04191573150455952,0.0418645303696394
64,224,224,64,64,3,3,1,1,1,1,relu,0.15049387514591217,0.16476160287857056,0.1612629324197769,0.14370133727788925
64,112,112,128,64,3,3,1,1,1,1,relu,0.08506026566028595,0.09309866726398468,0.10219519808888436,0.10907306522130966
128,112,112,128,128,3,3,1,1,1,1,relu,0.1141077347099781,0.1253887966275215,0.11552426591515541,0.12818773537874223
128,56,56,256,128,3,3,1,1,1,1,relu,0.07400106936693192,0.06731093525886536,0.07642453610897064,0.0698367990553379
256,56,56,256,256,3,3,1,1,1,1,relu,0.12294825986027717,0.11658239960670472,0.1252693325281143,0.11864747181534767
256,28,28,512,256,3,3,1,1,1,1,relu,0.07432533353567124,0.07855786755681038,0.07611733600497246,0.0812202662229538
512,28,28,512,512,3,3,1,1,1,1,relu,0.10973866656422615,0.10555733069777488,0.11327147111296654,0.10697386488318443
512,14,14,512,512,3,3,1,1,1,1,relu,0.0975018672645092,0.10181973278522491,0.09861119836568832,0.10325333327054978
