IN_C,IN_H,IN_W,OUT_C,IN_C,KERNEL_H,KERNEL_N,STRIDE_H,STRIDE_W,PAD_H,PAD_W,ACT,NCHW->NCHW,NCHW->NHWC,NHWC->NCHW,NHWC->NHWC
3,224,224,64,3,3,3,1,1,1,1,relu,0.04206933192908764,0.04179626516997814,0.04177919775247574,0.04181333184242249
64,224,224,64,64,3,3,1,1,1,1,relu,0.15162027180194854,0.16489813476800919,0.15788373798131944,0.14535680562257766
64,112,112,128,64,3,3,1,1,1,1,relu,0.0849237285554409,0.092569600045681,0.10180266574025154,0.10869759693741798
128,112,112,128,128,3,3,1,1,1,1,relu,0.1253546692430973,0.12467199340462684,0.1151658684015274,0.1279488041996956
128,56,56,256,128,3,3,1,1,1,1,relu,0.07707306742668152,0.06770346760749817,0.09458346962928772,0.07688533291220664
256,56,56,256,256,3,3,1,1,1,1,relu,0.25632424652576447,0.13784745782613755,0.12504746541380882,0.1317034661769867
256,28,28,512,256,3,3,1,1,1,1,relu,0.0875349298119545,0.09815040081739426,0.08715946823358536,0.09330346435308456
512,28,28,512,512,3,3,1,1,1,1,relu,0.13028693795204163,0.12257279381155968,0.13146452903747557,0.12470612898468972
512,14,14,512,512,3,3,1,1,1,1,relu,0.11298133730888367,0.1176234669983387,0.11417600288987159,0.11939840391278267
