IN_C,IN_H,IN_W,OUT_C,IN_C,KERNEL_H,KERNEL_N,STRIDE_H,STRIDE_W,PAD_H,PAD_W,ACT,NCHW->NCHW,NCHW->NHWC,NHWC->NCHW,NHWC->NHWC
3,224,224,64,3,3,3,1,1,1,1,relu,0.042103465646505356,0.04188159704208374,0.041779198497533795,0.04171093218028545
64,112,112,128,64,3,3,1,1,1,1,relu,0.08529919683933258,0.09330346658825875,0.10239999890327453,0.10934612974524498
128,56,56,256,128,3,3,1,1,1,1,relu,0.07328426912426948,0.06720853820443154,0.07591253966093063,0.0702634647488594
256,56,56,256,256,3,3,1,1,1,1,relu,0.12646399363875388,0.11601919904351235,0.12550826817750932,0.11844267025589943
256,28,28,512,256,3,3,1,1,1,1,relu,0.08488959595561027,0.09079466685652733,0.08734720125794411,0.09355946704745292
512,28,28,512,512,3,3,1,1,1,1,relu,0.12963840812444688,0.12311892583966255,0.13793279379606246,0.12538879811763765
512,14,14,512,512,3,3,1,1,1,1,relu,0.11281067058444023,0.12361386865377426,0.11397119909524918,0.11992747187614441
