IN_C,IN_H,IN_W,OUT_C,IN_C,KERNEL_H,KERNEL_N,STRIDE_H,STRIDE_W,PAD_H,PAD_W,ACT,NCHW->NCHW,NCHW->NHWC,NHWC->NCHW,NHWC->NHWC
3,224,224,64,3,3,3,1,1,1,1,relu,0.04230826459825039,0.05271893292665482,0.04466346725821495,0.052497067302465436
64,224,224,64,64,3,3,1,1,1,1,relu,0.15081814378499986,0.17988266199827194,0.15720106959342955,0.15701333433389664
64,112,112,128,64,3,3,1,1,1,1,relu,0.08601599633693695,0.0999253273010254,0.1084927998483181,0.11827200353145599
128,112,112,128,128,3,3,1,1,1,1,relu,0.11427840292453766,0.1362943857908249,0.11956907138228416,0.13636265844106674
128,56,56,256,128,3,3,1,1,1,1,relu,0.0741034671664238,0.07326720282435417,0.07886506542563439,0.07782399728894233
256,56,56,256,256,3,3,1,1,1,1,relu,0.12383572906255721,0.1233578622341156,0.13156693875789643,0.12781227231025696
256,28,28,512,256,3,3,1,1,1,1,relu,0.08500906378030777,0.09581227004528045,0.0901802659034729,0.10055679604411125
512,28,28,512,512,3,3,1,1,1,1,relu,0.13006507754325866,0.12965547442436218,0.13494613915681838,0.12989439964294433
512,14,14,512,512,3,3,1,1,1,1,relu,0.09826987162232399,0.10692266076803207,0.1013077288866043,0.11067733690142631
