IN_C,IN_H,IN_W,OUT_C,IN_C,KERNEL_H,KERNEL_N,STRIDE_H,STRIDE_W,PAD_H,PAD_W,ACT,NCHW->NCHW,NCHW->NHWC,NHWC->NCHW,NHWC->NHWC
3,224,224,64,3,3,3,1,1,1,1,relu,0.041813332587480545,0.05044906660914421,0.04413440190255642,0.05193386562168598
64,224,224,64,64,3,3,1,1,1,1,relu,0.1505109414458275,0.22227626144886017,0.15691093802452089,0.15663786679506303
64,112,112,128,64,3,3,1,1,1,1,relu,0.08572586476802826,0.09966932907700539,0.10509653016924858,0.11789653673768044
128,112,112,128,128,3,3,1,1,1,1,relu,0.11359574124217034,0.13516800105571747,0.11915947124361992,0.12789759784936905
128,56,56,256,128,3,3,1,1,1,1,relu,0.06483626663684845,0.06415360197424888,0.06930773183703423,0.06836906671524048
256,56,56,256,256,3,3,1,1,1,1,relu,0.10594986155629157,0.10581332817673683,0.11067733466625214,0.11019946783781051
256,28,28,512,256,3,3,1,1,1,1,relu,0.07408640012145043,0.08311466574668884,0.0791551984846592,0.08727893456816674
512,28,28,512,512,3,3,1,1,1,1,relu,0.1104042686522007,0.1099263995885849,0.11533653289079666,0.11526826545596122
512,14,14,512,512,3,3,1,1,1,1,relu,0.09758720323443412,0.10651306137442589,0.10151252821087837,0.11026773378252983
