IN_C,IN_H,IN_W,OUT_C,IN_C,KERNEL_H,KERNEL_N,STRIDE_H,STRIDE_W,PAD_H,PAD_W,ACT,NCHW->NCHW,NCHW->NHWC,NHWC->NCHW,NHWC->NHWC
3,224,224,64,3,3,3,1,1,1,1,relu,0.03921919949352741,0.04676266685128212,0.042103464156389235,0.049134935811161996
64,224,224,64,64,3,3,1,1,1,1,relu,0.14576640129089355,0.17053013294935226,0.1501866653561592,0.1487871989607811
64,112,112,128,64,3,3,1,1,1,1,relu,0.08123732954263688,0.09458346888422967,0.10062506273388863,0.11270826980471611
128,112,112,128,128,3,3,1,1,1,1,relu,0.10804906338453293,0.12926293909549713,0.1137664072215557,0.12924587726593018
128,56,56,256,128,3,3,1,1,1,1,relu,0.0759637326002121,0.0694271981716156,0.0745642676949501,0.07412053346633911
256,56,56,256,256,3,3,1,1,1,1,relu,0.11694080084562301,0.11649706810712815,0.12375039830803872,0.12166826277971268
256,28,28,512,256,3,3,1,1,1,1,relu,0.08145919665694237,0.09113599807024002,0.08564053028821945,0.09572693854570388
512,28,28,512,512,3,3,1,1,1,1,relu,0.1227775938808918,0.12475732788443565,0.1293482720851898,0.11438080668449402
512,14,14,512,512,3,3,1,1,1,1,relu,0.09661440253257751,0.10555732771754264,0.1003178633749485,0.10948266386985779
