IN_C,IN_H,IN_W,OUT_C,IN_C,KERNEL_H,KERNEL_N,STRIDE_H,STRIDE_W,PAD_H,PAD_W,ACT,NCHW->NCHW,NCHW->NHWC,NHWC->NCHW,NHWC->NHWC
3,224,224,64,3,3,3,1,1,1,1,relu,0.050858665630221365,0.065809066593647,0.06575786508619785,0.05266773439943791
64,224,224,64,64,3,3,1,1,1,1,relu,0.1503573402762413,0.20817918926477433,0.18648747205734253,0.18068480640649795
64,112,112,128,64,3,3,1,1,1,1,relu,0.10729813128709793,0.1304405391216278,0.14907733500003814,0.1612117275595665
128,112,112,128,128,3,3,1,1,1,1,relu,0.1427285373210907,0.16761173456907272,0.149418668448925,0.17367040514945983
128,56,56,256,128,3,3,1,1,1,1,relu,0.10132480040192604,0.10403840094804764,0.11262293830513954,0.10719573423266411
256,56,56,256,256,3,3,1,1,1,1,relu,0.15081813037395478,0.15626240372657776,0.1641813263297081,0.2838016048073769
256,28,28,512,256,3,3,1,1,1,1,relu,0.11229866966605187,0.1339391991496086,0.118169604241848,0.14365012645721437
512,28,28,512,512,3,3,1,1,1,1,relu,0.15037439465522767,0.1378474712371826,0.15743999630212785,0.1528831973671913
512,14,14,512,512,3,3,1,1,1,1,relu,0.12718080654740332,0.12412586212158203,0.11878399923443794,0.16032426804304123
