IN_C,IN_H,IN_W,OUT_C,IN_C,KERNEL_H,KERNEL_N,STRIDE_H,STRIDE_W,PAD_H,PAD_W,ACT,NCHW->NCHW,NCHW->NHWC,NHWC->NCHW,NHWC->NHWC
3,224,224,64,3,3,3,1,1,1,1,relu,0.04148906581103802,0.049083737283945085,0.0437077347189188,0.051490132510662076
64,224,224,64,64,3,3,1,1,1,1,relu,0.14969173818826675,0.17877333015203475,0.15656960159540176,0.15600639432668686
64,112,112,128,64,3,3,1,1,1,1,relu,0.08785919621586799,0.09871359914541245,0.10482346713542938,0.11738453209400176
128,112,112,128,128,3,3,1,1,1,1,relu,0.11402240470051765,0.13564586490392685,0.1200810730457306,0.13620905727148055
128,56,56,256,128,3,3,1,1,1,1,relu,0.07389867305755615,0.07253333851695061,0.0781653307378292,0.07761920094490052
256,56,56,256,256,3,3,1,1,1,1,relu,0.12323839142918587,0.12257279306650162,0.1280170723795891,0.12719787359237672
256,28,28,512,256,3,3,1,1,1,1,relu,0.08441172763705254,0.09497600495815277,0.09018026739358902,0.10021546259522437
512,28,28,512,512,3,3,1,1,1,1,relu,0.13221547603607178,0.10965333208441734,0.11511466652154922,0.11450026780366898
512,14,14,512,512,3,3,1,1,1,1,relu,0.09668267145752907,0.10542079508304596,0.10016426146030426,0.10939732789993287
