IN_C,IN_H,IN_W,OUT_C,IN_C,KERNEL_H,KERNEL_N,STRIDE_H,STRIDE_W,PAD_H,PAD_W,ACT,NCHW->NCHW,NCHW->NHWC,NHWC->NCHW,NHWC->NHWC
3,224,224,64,3,3,3,1,1,1,1,relu,0.04140373207628727,0.049169068783521654,0.04401493556797505,0.05162666700780392
64,224,224,64,64,3,3,1,1,1,1,relu,0.15025494247674942,0.17860266119241713,0.15660373568534852,0.1561770647764206
64,112,112,128,64,3,3,1,1,1,1,relu,0.0852991983294487,0.0992597296833992,0.10492586567997933,0.11731626912951469
128,112,112,128,128,3,3,1,1,1,1,relu,0.1135104052722454,0.13559466898441314,0.11960320472717285,0.1364650622010231
128,56,56,256,128,3,3,1,1,1,1,relu,0.07323306947946548,0.07313066944479943,0.07927466332912445,0.07782399952411652
256,56,56,256,256,3,3,1,1,1,1,relu,0.15457279458642006,0.12368212714791298,0.11781120523810387,0.1102336011826992
256,28,28,512,256,3,3,1,1,1,1,relu,0.07482027038931846,0.0831488013267517,0.07915519699454307,0.08763733655214309
512,28,28,512,512,3,3,1,1,1,1,relu,0.11069440245628356,0.10987520068883896,0.11550719812512397,0.11528533026576042
512,14,14,512,512,3,3,1,1,1,1,relu,0.09789440184831619,0.10632532835006714,0.10436266139149666,0.10989226773381233
