IN_C,IN_H,IN_W,OUT_C,IN_C,KERNEL_H,KERNEL_N,STRIDE_H,STRIDE_W,PAD_H,PAD_W,ACT,NCHW->NCHW,NCHW->NHWC,NHWC->NCHW,NHWC->NHWC
3,224,224,64,3,3,3,1,1,1,1,relu,0.04160853177309036,0.049561599269509315,0.04392960220575333,0.05167786702513695
64,112,112,128,64,3,3,1,1,1,1,relu,0.08545279875397682,0.09929386451840401,0.1050112009048462,0.11748693287372589
128,56,56,256,128,3,3,1,1,1,1,relu,0.07302827090024948,0.07253333851695061,0.07816533297300339,0.07726080119609832
256,56,56,256,256,3,3,1,1,1,1,relu,0.12310186102986335,0.12245332822203636,0.12854614108800888,0.12733440548181535
256,28,28,512,256,3,3,1,1,1,1,relu,0.0843434639275074,0.09501013681292533,0.08920746445655822,0.09029973372817039
512,28,28,512,512,3,3,1,1,1,1,relu,0.11496106460690499,0.11426134034991264,0.12016640603542328,0.12008107155561447
512,14,14,512,512,3,3,1,1,1,1,relu,0.10007892847061158,0.10990933403372764,0.10511360242962837,0.11332266926765441
