IN_C,IN_H,IN_W,OUT_C,IN_C,KERNEL_H,KERNEL_N,STRIDE_H,STRIDE_W,PAD_H,PAD_W,ACT,NCHW->NCHW,NCHW->NHWC,NHWC->NCHW,NHWC->NHWC
3,224,224,64,3,11,11,4,4,2,2,relu,0.05657600201666355,0.06137173213064671,0.06263466514647006,0.06696960180997849
64,28,28,192,64,5,5,1,1,2,2,relu,0.0767829328775406,0.06992213279008866,0.09437866657972335,0.07420586720108986
192,14,14,384,192,3,3,1,1,0,0,relu,0.0698367990553379,0.07908692955970764,0.07476906925439834,0.08388266563415528
384,12,12,256,384,3,3,1,1,0,0,relu,0.08666452914476394,0.09332053363323212,0.08862720057368279,0.09840639978647232
256,10,10,256,256,3,3,1,1,0,0,relu,0.07333546727895737,0.0830293320119381,0.0782506637275219,0.08814933374524117
